,Metric,Score
0,accuracy,0.9857142857142858
1,precision,0.9767441860465116
2,recall,0.9767441860465116
3,f1,0.9767441860465116
4,roc/auc,0.9985614960441141
