,Metric,Score
0,Accuracy,0.9857142857142858
1,Precision,0.9767441860465116
2,Recall,0.9767441860465116
3,F1,0.9767441860465116
4,ROC/AUC,0.9985614960441141
